"","Cluster","respondent_id","How_express_values-Grace","How_express_values-Mediation_social_healing","How_express_values-Volunteer","Spirituality_important","Number_of_religions","Chose_more_than1_relig","Values_explores_big_questions","Values_multiple_faiths","Values_Resource_during_challenges","Gender_code","Ethnic_code"
"1",1,118061403416.015,0.534965034965035,0.420745920745921,0.53030303030303,1,2,1,0.623543123543123,0.383449883449883,0.0093240093240093,0.777389277389278,0.857808857808858
"2",2,118061681121.56,0.663983903420523,0.35010060362173,0.569416498993964,0.866197183098591,1,0,0,0.399396378269618,0.289738430583501,0.780684104627766,0.834004024144869
"3",3,118061953211.91,0.154537286612759,0.165318957771788,0.33423180592992,0,1,0,0.577717879604672,0.217430368373765,0.252470799640611,0.784366576819407,0.836477987421383
"4",4,118061638108.163,0.63975628332064,0.373191165270373,0.626808834729627,0.881949733434882,1,0,1,0.273419649657273,0.203351104341203,0.811119573495811,0.865194211728865
"5",5,118061938421.144,0.442586399108138,0,0.457079152731327,0.50613154960981,3,1,0.670011148272018,0.348940914158306,0.00668896321070235,0.754738015607581,0.835005574136009
"6",6,118061658416.476,0.644776119402985,1,0.514925373134328,0.658208955223881,3,1,0.656716417910448,0.322388059701492,0.11044776119403,0.774626865671642,0.808955223880597
"7",7,118061853518.111,0.494577006507592,0.441431670281996,0.445770065075921,0.613882863340564,2.46854663774403,1,0.40997830802603,0.143167028199566,1,0.842733188720174,0.843817787418655
"8",8,118061962062.509,0.303597122302159,0.241726618705036,0.443165467625899,0,2,1,0.633093525179856,0.293525179856115,0.0820143884892086,0.781294964028777,0.83021582733813
