"","Cluster","respondent_id","How_express_values-Grace","How_express_values-Mediation_social_healing","How_express_values-Volunteer","Spirituality_important","Number_of_religions","Chose_more_than1_relig","Values_explores_big_questions","Values_multiple_faiths","Values_Resource_during_challenges","Gender_code","Ethnic_code"
"1",1,118062059627.546,0,0.333889816360601,0,0.454090150250418,2.46994991652755,1,0.6110183639399,0.268781302170284,0.254590984974958,0.759599332220367,0.823873121869783
"2",2,118061945927.318,1,0,0.494675701839304,0.615682478218781,2.50242013552759,1,0.582768635043563,0.322362052274928,0.246853823814134,0.814133591481123,0.860600193610842
"3",3,118061148090.099,0,0.319460067491563,1,0.523059617547807,2.45669291338583,1,0.609673790776153,0.295838020247469,0.250843644544432,0.790776152980878,0.840269966254218
"4",4,118061645118.4,0,0.236270022883295,0.438215102974828,0.461670480549199,1,0,0.575514874141876,0.279176201372998,0.245423340961098,0.765446224256293,0.835240274599543
"5",5,118061766141.074,1,1,0.573752711496747,0.731019522776572,2.55422993492408,1,0.561822125813449,0.299349240780911,0.308026030368764,0.790672451193059,0.823210412147505
"6",6,118061866105.706,1,0.364234449760766,0.595095693779905,0.72488038277512,1,0,0.568181818181818,0.305023923444976,0.243421052631579,0.822966507177033,0.858851674641149
